"62","82","Officer consumer pattern","1","285.94","in_cart"
"90","199","Week alone brother","4","238.65","in_cart"
"73","45","Order maintain place","2","325.92","in_cart"
"34","35","Decade candidate officer rate","2","338.42","in_cart"
"48","14","South ok lose","3","420.62","in_cart"
"88","122","Near film pay economy","1","430.54","in_cart"
"68","172","Answer occur","1","166.94","in_cart"
"59","83","Modern realize line kid","3","474.46","in_cart"
"2","106","Answer carry size perhaps","2","453.52","in_cart"
"37","139","Effect lot give people young","4","307.02","in_cart"
"53","47","Suddenly between why result imagine","1","314.14","in_cart"
"73","51","Owner decision wish","5","289.66","in_cart"
"82","57","Particular sound difficult effect","3","193.8","in_cart"
"52","98","Suddenly fine discussion hundred","2","438.75","in_cart"
"91","192","Group carry","3","198.63","in_cart"
"0","133","Red arm unit event wrong","4","363.61","in_cart"
"48","139","Policy bring address where","4","397.14","in_cart"
"43","53","Southern growth skill unit notice","5","242.91","in_cart"
"93","46","Lead federal","3","268.37","in_cart"
"26","122","Sea teacher among garden","5","389.2","in_cart"
"62","90","Partner process know","3","285.27","in_cart"
"68","135","Behavior carry","3","126.66","in_cart"
"73","187","Evening avoid cup thousand","3","285.55","in_cart"
"22","55","Theory stop cover behavior rise","3","329.35","in_cart"
"59","184","Modern thought","2","99.42","in_cart"
"18","175","Prepare player east including consumer","3","345.27","in_cart"
"14","4","Evidence agree across cost crime","3","399.13","in_cart"
"64","124","Affect message body perhaps","5","94.03","in_cart"
"31","40","Doctor artist whom value analysis","2","183.83","in_cart"
"54","188","Choice dark tend loss term","3","257.87","in_cart"
"84","129","Truth admit staff home","3","300.96","in_cart"
"53","50","Face shoulder bad home affect","1","26.97","in_cart"
"13","4","Table personal","3","301.34","in_cart"
"22","12","Development right son real around","3","428.07","in_cart"
"97","78","Easy rule government throw","5","272.3","in_cart"
"41","122","Policy not","1","337.48","in_cart"
"58","10","Employee better wall","3","247.47","in_cart"
"66","103","Occur bit what","5","27.88","in_cart"
"73","8","Until push story poor according","5","320.57","in_cart"
"26","58","Everybody and build grow coach","5","244.78","in_cart"
"27","83","Allow mission sea","5","451.21","in_cart"
"63","28","Let save much force team","5","77.98","in_cart"
"31","8","Senior former less understand","5","315.79","in_cart"
"13","61","Place million well health","5","490.19","in_cart"
"53","86","Much more federal suffer rich","4","390.67","in_cart"
"81","35","Base teach behavior","5","423.66","in_cart"
"5","3","Avoid young arm point","1","295.43","in_cart"
"52","180","Moment air director base piece","5","144.01","in_cart"
"84","3","From health claim","5","170.03","in_cart"
"18","190","Star large two leader","3","10.2","in_cart"
