"131","20","2024-05-19 22:40:25.828331","Man face radio son girl real sense. Foreign both material wrong camera fast recently.","4"
"43","94","2024-08-23 12:33:05.505032","Story rich trouble strategy also network.","1"
"179","0","2024-03-25 12:07:15.974212","Land more sister inside just. Media least eight people right start what.","4"
"39","52","2024-08-11 06:58:30.542535","Business try real build. Both black public drop born upon this.","2"
"139","39","2024-09-20 06:22:22.959025","Official pay unit cost administration forward unit. Left assume lead alone create.","2"
"189","61","2024-07-31 17:21:17.008873","Thousand language agent trip.","1"
"52","11","2024-11-05 06:02:03.367127","He tree these also.","3"
"58","26","2024-09-22 00:26:27.676758","Performance go reduce these development budget. Operation newspaper choice performance out grow score later.","2"
"93","87","2024-08-02 01:43:30.876676","Show sometimes address character help reason. Light bed year way personal group.","2"
"137","93","2024-06-15 06:04:51.010500","Industry career early again mother simple.","2"
"183","78","2024-04-12 08:56:38.892040","Even answer up them listen anyone north. Certain turn budget action this radio.","2"
"146","64","2024-07-15 21:39:33.581055","Safe certainly significant fall former reality real.","2"
"70","44","2023-12-09 16:39:36.073727","Myself learn cup order live process let. Easy particular interesting hair identify probably everybody business.","2"
"132","86","2024-01-09 06:18:55.007828","Work director myself nation.","5"
"120","62","2024-05-10 05:53:51.202702","Forward last bed play. Wonder certainly like seem south car painting.","3"
"130","16","2024-07-14 13:27:45.448751","Among although evidence road.","2"
"116","66","2024-06-20 20:13:21.076630","Degree strong over authority one discussion. Fight factor citizen group wrong happen.","5"
"107","14","2024-10-22 12:41:27.288861","Help control thought what run amount.","3"
"187","86","2023-11-14 23:05:47.121614","Star shoulder commercial until deep protect. Red could material such.","4"
"123","8","2024-09-19 18:29:55.218169","Benefit imagine defense television scientist.","2"
"2","29","2024-06-29 19:02:31.610871","Thousand high apply.","3"
"110","8","2024-03-17 08:56:13.426401","Imagine goal step rest treat head.","4"
"177","43","2023-12-21 15:34:02.758318","Must pattern my inside bank but baby. Course official evidence act so.","3"
"162","70","2024-09-16 14:19:55.323874","Product write cover drug.","3"
"150","81","2024-02-21 04:48:04.838676","Really billion stage time late guess stand.","4"
"27","49","2024-04-04 10:59:54.187740","Sister through foot street.","3"
"103","94","2024-07-15 23:04:41.512149","Strategy nothing door.","3"
"62","86","2024-01-01 11:33:06.443128","Sea show why every apply agent fear. Study what wrong possible.","5"
"106","42","2024-04-02 06:58:01.388582","Bank their item claim capital.","5"
"192","21","2024-02-05 17:44:31.412620","She TV consider future couple leave.","5"
"63","82","2024-02-19 00:27:32.857858","Through five person whose contain voice.","3"
"173","69","2024-04-19 06:39:53.765037","Fact which who fall. Story parent one man.","4"
"115","31","2024-01-06 21:26:50.487715","Turn whatever perform idea not. Unit record serious least.","3"
"199","77","2024-07-12 04:53:47.457316","Occur forward decision break security a management.","1"
"33","54","2024-08-27 18:47:00.993467","Middle community ground toward those rather gas throw. Security establish sure city far.","4"
"131","3","2023-11-15 14:45:01.999919","Project arrive court fund food treatment. Wall author behavior for when generation care.","3"
"156","42","2024-10-09 15:12:57.528063","Somebody billion always beautiful.","4"
"7","46","2024-05-30 17:15:28.694866","Human win whatever record billion.","2"
"178","37","2024-02-12 12:34:06.637490","Respond make rather from company soldier.","2"
"94","99","2024-08-20 06:59:45.814114","Boy value night yet.","4"
"23","51","2024-10-04 05:38:28.589350","Rock how test.","5"
"94","96","2024-03-07 10:56:22.072233","Teacher site stop ten wife.","1"
"81","61","2023-11-21 23:26:09.887794","Sometimes sign chance especially.","2"
"136","6","2024-09-02 22:13:03.907532","Week seat hundred drop.","4"
"148","10","2023-11-28 15:47:06.328040","Color perhaps much tough coach stop age list.","5"
"158","59","2024-05-19 03:35:44.471933","Trip thing prove likely its suffer. Son thus paper level worker pay their.","4"
"8","49","2024-02-13 03:03:22.718068","Arm financial hear performance type.","2"
"63","18","2024-10-23 15:10:46.855622","Often as I remain enter respond need.","3"
"2","59","2023-11-28 17:52:16.220615","Have edge travel skin stay big.","3"
"82","85","2024-03-24 07:13:12.415388","Director yet president might professional apply.","2"
"69","52","2024-02-10 01:05:00.643022","Difference site personal buy four occur.","2"
"17","43","2024-11-01 20:18:17.235177","Seven real according piece data bit rise party.","5"
"145","60","2023-11-10 10:23:42.224269","Throughout soldier bar do kind and.","5"
"119","41","2024-09-09 02:19:19.087110","Approach talk wear half little direction party. Rise bar establish garden because.","4"
"133","20","2024-01-04 23:08:31.359518","Animal quite conference what media determine model.","5"
"20","25","2024-06-03 02:32:23.876594","Candidate candidate six hope. Model fear early war yourself glass.","1"
"107","13","2024-11-03 18:44:12.135162","Number threat foot economic. Public also then research film.","3"
"24","2","2023-11-14 18:59:25.504450","Employee thousand miss.","3"
"64","13","2023-12-02 17:27:28.480655","Enter possible writer moment hot.","5"
"34","13","2024-02-26 13:16:06.262167","Political popular care trouble.","4"
"30","44","2024-07-14 22:25:36.937549","Baby night else big morning next.","3"
"83","46","2024-03-26 10:14:14.570858","Reason program view seat lay. Technology management matter policy strong them standard.","2"
"32","18","2024-05-13 04:47:44.643515","Ready stop open describe practice series figure.","3"
"162","18","2024-05-03 05:54:36.490129","Common beyond end almost either scientist.","2"
"175","7","2023-11-16 22:21:49.625359","Recently amount health.","1"
"192","35","2024-02-11 20:08:19.427834","Class sea soon. Bag enjoy life system cold.","2"
"123","33","2024-08-28 19:08:46.207045","Strong consider nothing some. Speak plant American like million.","1"
"25","7","2024-08-09 07:21:34.259534","Strong explain tough seek.","1"
"140","67","2024-10-01 23:12:07.473710","Top second up.","4"
"7","98","2024-03-30 00:45:44.677390","Performance should amount person. Do half fall subject together maybe alone.","2"
"95","11","2024-08-05 12:25:11.302339","Citizen building push behind politics pull glass. Church commercial down people.","4"
"136","15","2024-07-21 15:24:07.587602","General model instead able.","2"
"119","24","2023-11-20 15:48:58.422899","Commercial center technology difference.","5"
"17","10","2024-07-19 13:35:09.583591","Popular blood present nor into road pretty. Ok himself small account number.","4"
"96","45","2024-09-23 11:08:52.178387","Become movement six artist be follow. Study company question half also pull.","4"
"181","30","2024-04-10 12:48:39.942392","Serious these off partner conference. Eat despite street sometimes.","5"
"50","56","2023-12-25 09:35:34.768552","Speak often site audience eight agency. Fall season across case north decade although.","1"
"27","5","2024-01-28 22:56:38.546336","Kitchen effort blood white. War real home accept.","2"
"142","62","2024-08-17 02:57:49.150587","Quite really bit thus beautiful. Tree surface let majority feel.","5"
"152","46","2024-08-17 17:49:05.217957","Build learn individual mean fact mission power. Figure record fund.","3"
"48","73","2024-10-23 23:49:30.396545","Usually find before test adult growth.","2"
"18","48","2024-01-10 19:04:49.943771","Tell year everything mind short machine remember.","2"
"195","10","2024-08-19 14:35:00.091745","Open address red this peace part. Record page citizen own particularly throughout Congress.","3"
"141","68","2024-03-09 19:05:45.332038","Within gun without attorney large specific cup threat. Three true never measure fast rich itself.","5"
"158","27","2024-04-21 13:09:11.392926","Business read gun everybody play.","3"
"51","59","2024-10-27 18:52:16.197505","Save decade them do clear.","4"
"20","28","2024-01-12 16:21:35.369963","Phone physical stage ahead card.","1"
"46","9","2024-11-04 10:12:17.556405","Doctor lead role yard. Evidence throw stand like just tell cover.","5"
"133","72","2024-05-22 19:38:13.370765","Decision everything join oil line service window public.","5"
"26","52","2024-02-16 22:00:23.757157","Article admit meet concern finally though.","4"
"155","95","2024-09-02 16:09:13.329199","Never increase perform hundred side relate. Until rock moment find assume.","4"
"2","92","2024-02-21 10:32:05.046141","Manager travel use.","2"
"102","38","2024-06-13 09:08:15.128146","Not finally always action budget rock. Side today enjoy instead indeed.","1"
"108","67","2024-02-14 08:47:45.650479","Way born happen more girl.","3"
"170","48","2023-11-08 16:09:13.642275","Role best ago heart money by. About field play small control.","1"
"70","77","2024-07-17 07:37:43.573783","Stage father agency night involve place important.","1"
"98","81","2024-03-12 09:09:39.287709","Defense view simply though goal identify deep. Store table employee.","4"
"62","38","2024-08-13 16:31:56.252436","Civil notice theory.","3"
"152","88","2024-01-29 02:24:49.617353","Often piece off rest memory chance new.","2"
"116","88","2024-09-22 00:30:05.241592","These finish yes open toward. Their dog institution arm catch wrong short.","4"
"121","30","2024-08-27 20:50:50.908751","Reveal seem site available magazine fill. Letter in green garden.","1"
"134","67","2024-05-09 04:54:57.531679","Begin career still. Attention entire example exactly man system kitchen space.","5"
"87","45","2024-05-12 00:08:54.813366","Product light short fish. Poor door attorney green.","3"
"43","72","2024-01-17 02:33:15.215255","Power system very move. Foot recently art run behavior.","4"
"163","66","2024-08-21 13:02:24.217383","Open take over bar. Part us will money time.","2"
"165","0","2024-01-22 22:01:02.319823","College go amount section husband than.","4"
"25","14","2024-03-22 10:24:19.682732","Station blue month most ready bag discover. Return message animal affect her democratic radio too.","5"
"82","36","2024-02-25 10:11:55.845599","Back only between.","4"
"15","42","2023-12-15 13:46:57.394624","Level against eight opportunity maybe future.","5"
"33","19","2024-07-14 15:24:55.814394","Inside firm sea successful. Serve technology more medical.","4"
"100","26","2024-07-13 09:42:52.318002","Save necessary officer bed cost understand two difference. Mission research state message action.","3"
"120","74","2023-11-13 05:04:14.046450","Market practice one move.","3"
"59","65","2023-11-27 02:54:19.411064","As strong city picture.","2"
"143","76","2023-12-15 23:30:34.758058","Yeah she fear speech cut but fish red.","1"
"104","8","2024-01-03 17:36:20.649189","Or whatever available east consider song glass.","5"
"150","25","2024-07-30 07:44:01.444282","Require job everyone many laugh attack.","2"
"140","99","2024-08-29 13:48:13.119760","Most over both.","4"
"94","13","2024-09-18 10:18:24.014754","Him line decade most already room hour stay. Management space less along woman.","1"
"71","93","2024-05-11 00:57:46.518042","Institution who wait fast develop hand. Serve light material interesting away form.","5"
"194","14","2024-02-15 10:58:08.777939","Skin clear easy until score effort family.","1"
"2","75","2024-10-31 07:16:16.816856","Apply hundred address approach behavior experience. Staff reach there.","5"
"13","94","2024-07-24 11:21:23.660473","Try choose middle six role result.","1"
"197","34","2024-07-18 19:08:03.012990","Kitchen audience our threat future each.","4"
"71","15","2024-09-10 00:38:32.808708","Suddenly place nice political town all enjoy. Husband drug account finish when positive.","2"
"167","53","2024-02-28 12:06:14.879296","Marriage result include anything evening night.","5"
"53","0","2023-11-19 08:20:21.056695","Result responsibility they check lot.","3"
"55","75","2024-05-08 16:14:34.582038","Strategy with a social time red only.","4"
"174","71","2023-11-30 00:30:44.076975","First card occur test. Oil there piece poor despite poor.","2"
"138","57","2024-02-01 15:28:42.491165","Successful property green.","5"
"156","74","2024-02-03 12:18:46.891477","Before among send respond. Sister describe key nice agent sign school.","3"
"45","14","2024-04-06 15:23:52.643910","Tend fill sit rock. Pass TV analysis response can.","4"
"51","91","2024-02-03 23:40:42.555950","Involve ability somebody free. Establish wish record two few three training.","4"
"164","57","2023-12-09 14:42:32.605939","End reflect rock account throughout drive pull lawyer.","2"
"171","47","2024-02-26 18:24:56.519980","Risk bank and decision cultural. Many ball add century hair rate.","5"
"161","10","2024-08-13 17:44:23.506273","Generation wish away national present raise early. Century executive there kind would toward.","5"
"128","2","2024-04-03 02:32:48.408631","There among billion big fund.","3"
"0","18","2024-01-22 16:56:31.924929","Hair theory employee book action lawyer she. Pretty sense relationship guess lay.","1"
"109","93","2024-01-07 00:40:02.501516","Local work professional economy number present that. Wish head attention.","2"
"198","65","2024-02-28 02:41:36.308342","Clear change manage or school enough.","3"
"152","58","2024-09-06 07:02:19.205958","Industry toward seek how. Bed some perhaps sport ahead.","3"
"60","41","2024-04-27 18:13:49.774755","Follow Democrat senior.","4"
"140","71","2023-11-15 23:51:12.017914","True stuff decision rich month help return. Usually want market.","1"
"43","15","2024-05-15 21:18:05.560291","Story price reveal give every. East light other experience scientist rate in.","2"
"31","11","2024-06-24 21:21:34.709673","Rate perhaps fight onto door one hour.","3"
"54","15","2023-12-16 04:26:51.065029","Sign Congress exactly. Four other opportunity challenge matter consider.","1"
"185","45","2024-09-05 07:37:54.014189","Better choice how fine represent. Small about city middle.","1"
"68","69","2024-08-04 23:36:16.414302","National shake situation live civil lay tax. Visit now book maybe guess.","3"
"141","78","2024-01-13 11:05:05.437175","Up choice pretty important half rest.","4"
"49","23","2024-10-26 12:42:05.331154","Little tough move so compare sign. Son hard yourself not possible movement full.","3"
"71","11","2023-12-08 18:51:11.333983","Bill recently trip system hospital control. You everything technology really pass minute name.","2"
